State,District,num_branches,num_csp,Population,Area_km2,branches_per_100k,csp_per_100k,branch_density,csp_density,Cluster,Priority_Level
ANDAMAN & NICOBAR ISLANDS,SOUTH ANDAMAN,26,76,238142,2672.0,10.917855733134013,31.913732143007113,0.009730538922155689,0.02844311377245509,1,Well Served
ANDHRA PRADESH,CHITTOOR,55,137,4174064,15152.000152556364,1.3176606779388145,3.282172961411229,0.003629883807169887,0.009041710574223172,0,Critical Priority
ANDHRA PRADESH,EAST GODAVARI,112,237,5154296,10807.0,2.172944665964081,4.598106123513279,0.010363653187748682,0.021930230406218193,0,Critical Priority
ANDHRA PRADESH,GUNTUR,174,395,4887813,11391.0,3.5598743241609285,8.081323896802107,0.015275217276797471,0.03467649899043104,2,Moderate Priority
ANDHRA PRADESH,KRISHNA,89,164,4517398,8727.0,1.970160698703103,3.6304084785090884,0.010198235361521714,0.01879225392460181,0,Critical Priority
ANDHRA PRADESH,KURNOOL,79,191,4053463,17658.0,1.9489508107018618,4.712020314481716,0.004473892853097746,0.010816627024578095,0,Critical Priority
ANDHRA PRADESH,PRAKASAM,80,211,3397448,17626.0,2.354708593038069,6.210543914137905,0.004538749574492227,0.01197095200272325,0,Critical Priority
ANDHRA PRADESH,SRI POTTI SRIRAMULU NELLORE,112,285,2963557,13076.0,3.7792423091575427,9.616821947409818,0.008565310492505354,0.021795656163964516,2,Moderate Priority
ANDHRA PRADESH,SRIKAKULAM,86,200,2703114,5837.0,3.1815158369199374,7.398874039348692,0.01473359602535549,0.0342641768031523,0,Critical Priority
ANDHRA PRADESH,VISAKHAPATNAM,15,9,4290589,11161.0,0.3496023506329784,0.20976141037978704,0.0013439655944807814,0.0008063793566884688,0,Critical Priority
ANDHRA PRADESH,VIZIANAGARAM,85,196,2344474,6539.0,3.625546711117291,8.360084180929283,0.012998929499923536,0.029974002141000152,2,Moderate Priority
ANDHRA PRADESH,WEST GODAVARI,116,207,3936966,7742.0,2.9464313382437135,5.257855922555592,0.014983208473262722,0.026737277189356756,0,Critical Priority
ANDHRA PRADESH,Y.S.R.,91,259,2882469,15359.0,3.1570157389376954,8.985352487745748,0.005924864900058597,0.0168630770232437,0,Critical Priority
ARUNACHAL PRADESH,ANJAW,2,3,21167,6190.0,9.448670099683468,14.173005149525203,0.00032310177705977385,0.0004846526655896607,2,Moderate Priority
ARUNACHAL PRADESH,DIBANG VALLEY,1,1,8004,9129.000000000002,12.49375312343828,12.49375312343828,0.00010954102311315585,0.00010954102311315585,2,Moderate Priority
ARUNACHAL PRADESH,EAST KAMENG,4,9,78690,4134.0,5.083238022620409,11.43728555089592,0.0009675858732462506,0.0021770682148040637,2,Moderate Priority
ARUNACHAL PRADESH,EAST SIANG,6,11,99214,3603.00376939642,6.047533614207673,11.087144959380732,0.0016652771920372229,0.0030530081854015755,2,Moderate Priority
ARUNACHAL PRADESH,KURUNG KUMEY,1,2,92076,6040.0,1.0860593422824625,2.172118684564925,0.00016556291390728477,0.00033112582781456954,0,Critical Priority
ARUNACHAL PRADESH,LOHIT,5,11,145726,5212.0,3.431096715754224,7.548412774659292,0.0009593246354566385,0.002110514198004605,0,Critical Priority
ARUNACHAL PRADESH,LOWER DIBANG VALLEY,4,8,54080,3899.99820262115,7.396449704142012,14.792899408284024,0.0010256414983247017,0.0020512829966494034,2,Moderate Priority
ARUNACHAL PRADESH,LOWER SUBANSIRI,5,11,83030,3507.9999999999995,6.021919788028423,13.24822353366253,0.001425313568985177,0.0031356898517673894,2,Moderate Priority
ARUNACHAL PRADESH,TAWANG,6,18,49977,2172.0,12.005522540368569,36.016567621105715,0.0027624309392265192,0.008287292817679558,1,Well Served
ARUNACHAL PRADESH,TIRAP,3,5,111975,2362.0,2.679169457468185,4.465282429113641,0.0012701100762066045,0.0021168501270110076,0,Critical Priority
ARUNACHAL PRADESH,UPPER SIANG,2,3,35320,6589.999999999998,5.662514156285391,8.493771234428085,0.00030349013657056156,0.0004552352048558423,2,Moderate Priority
ARUNACHAL PRADESH,UPPER SUBANSIRI,3,9,83448,7032.000000000002,3.59505320678746,10.785159620362382,0.0004266211604095562,0.0012798634812286687,0,Critical Priority
ARUNACHAL PRADESH,WEST KAMENG,11,25,83947,7422.0,13.103505783410963,29.78069496229764,0.0014820803018054433,0.0033683643222850983,1,Well Served
ARUNACHAL PRADESH,WEST SIANG,4,9,112274,8325.0,3.562712649411262,8.016103461175339,0.00048048048048048047,0.001081081081081081,0,Critical Priority
ASSAM,BAKSA,10,27,950075,2457.0,1.0525484830144989,2.841880904139147,0.00407000407000407,0.01098901098901099,0,Critical Priority
ASSAM,BARPETA,23,100,1693622,2282.0,1.3580362087880293,5.904505255600128,0.010078878177037686,0.04382120946538125,0,Critical Priority
ASSAM,BONGAIGAON,14,70,738804,1093.0,1.8949545481616235,9.474772740808117,0.012808783165599268,0.06404391582799634,0,Critical Priority
ASSAM,CACHAR,41,157,1736617,3786.0,2.360912049116184,9.04056565149368,0.010829371368198627,0.04146856840993133,0,Critical Priority
ASSAM,CHIRANG,10,38,482162,1923.0,2.073991728920985,7.881168569899743,0.005200208008320333,0.019760790431617263,0,Critical Priority
ASSAM,DARRANG,11,62,928500,1585.0,1.1847065158858374,6.677436725901993,0.00694006309148265,0.039116719242902206,0,Critical Priority
ASSAM,DHEMAJI,11,44,686133,3236.9999999999995,1.6031877201650409,6.412750880660163,0.0033982082174853264,0.013592832869941306,0,Critical Priority
ASSAM,DHUBRI,20,83,1949258,2176.0000000000005,1.0260314437596254,4.258030491602446,0.009191176470588234,0.038143382352941166,0,Critical Priority
ASSAM,DIBRUGARH,48,195,1326335,3381.0,3.6189952010615722,14.702168004312636,0.01419698314108252,0.05767524401064774,2,Moderate Priority
ASSAM,DIMA HASAO,12,23,214102,4888.0,5.604805186313065,10.74254327376671,0.0024549918166939444,0.004705400981996726,2,Moderate Priority
ASSAM,GOALPARA,15,50,1008183,1824.0,1.4878251269858747,4.9594170899529155,0.008223684210526315,0.027412280701754384,0,Critical Priority
ASSAM,GOLAGHAT,24,98,1066888,3502.0,2.2495332218564648,9.185593989247232,0.006853226727584237,0.027984009137635636,0,Critical Priority
ASSAM,HAILAKANDI,9,45,659296,1327.0,1.3650924622627771,6.825462311313886,0.006782215523737754,0.03391107761868877,0,Critical Priority
ASSAM,JORHAT,37,137,1092256,2851.0,3.387484252775906,12.54284709811619,0.012977902490354262,0.04805331462644686,2,Moderate Priority
ASSAM,KAMRUP,36,149,1517542,3105.0,2.3722572423036725,9.818509141756868,0.011594202898550725,0.047987117552334944,2,Moderate Priority
ASSAM,KAMRUP METROPOLITAN,151,541,1253938,955.0,12.042062685714924,43.14407889385281,0.1581151832460733,0.5664921465968586,3,Highly Served
ASSAM,KARBI ANGLONG,13,36,956313,10434.0,1.3593875645316962,3.7644578710108507,0.0012459267778416716,0.0034502587694077054,0,Critical Priority
ASSAM,KARIMGANJ,19,52,1228686,1809.0,1.5463674201545392,4.232163465686107,0.010503040353786623,0.028745163073521283,0,Critical Priority
ASSAM,KOKRAJHAR,17,58,887142,3296.0,1.9162659416418117,6.537848506777945,0.0051577669902912624,0.017597087378640776,0,Critical Priority
ASSAM,LAKHIMPUR,16,76,1042137,2277.0,1.5353067782834695,7.29270719684648,0.007026789635485288,0.03337725076855512,0,Critical Priority
ASSAM,MORIGAON,10,30,957423,1551.0,1.0444704169421457,3.133411250826437,0.006447453255963894,0.019342359767891684,0,Critical Priority
ASSAM,NAGAON,35,163,2823768,3973.0,1.2394785973918538,5.772428896424919,0.008809463881198087,0.04102693178957966,0,Critical Priority
ASSAM,NALBARI,17,77,771639,1052.0,2.20310274623237,9.978759497640736,0.016159695817490494,0.07319391634980989,2,Moderate Priority
ASSAM,SONITPUR,29,150,1924110,5204.0,1.5071903373507751,7.795812089745389,0.005572636433512683,0.028823981552651805,0,Critical Priority
ASSAM,TINSUKIA,38,142,1327929,3790.0,2.8615987752357244,10.693342791670338,0.010026385224274407,0.03746701846965699,2,Moderate Priority
ASSAM,UDALGURI,14,49,831668,2012.0,1.6833640346869185,5.8917741214042145,0.006958250497017893,0.024353876739562623,0,Critical Priority
BIHAR,ARARIA,33,59,2811569,2830.0,1.173721861352149,2.098472418781115,0.011660777385159011,0.020848056537102474,0,Critical Priority
BIHAR,ARWAL,11,15,700843,638.0,1.5695383987569254,2.1402796346685347,0.017241379310344827,0.023510971786833857,0,Critical Priority
BIHAR,AURANGABAD,37,61,2540073,3305.0,1.4566510490052846,2.4015057834951987,0.011195158850226929,0.018456883509833585,0,Critical Priority
BIHAR,BANKA,31,56,2034763,3020.0,1.5235189552788213,2.752163274052064,0.010264900662251655,0.018543046357615896,0,Critical Priority
BIHAR,BEGUSARAI,47,103,2970541,1918.0,1.5822033764220054,3.4673818674780112,0.024504692387904068,0.053701772679874867,0,Critical Priority
BIHAR,BHAGALPUR,70,173,3037766,2569.0,2.304324954588339,5.6949745306254655,0.027247956403269755,0.06734137796808097,0,Critical Priority
BIHAR,BHOJPUR,38,96,2728407,2395.0,1.392754086908588,3.51853664061117,0.015866388308977037,0.04008350730688935,0,Critical Priority
BIHAR,BUXAR,24,50,1706352,1703.0,1.4065093251568257,2.9302277607433873,0.014092777451556078,0.029359953024075163,0,Critical Priority
BIHAR,DARBHANGA,57,135,3937385,2279.0,1.447661328521341,3.428671567550544,0.025010969723562967,0.05923650724001755,0,Critical Priority
BIHAR,GAYA,78,180,4391418,4976.0,1.776191653812049,4.098903816489344,0.01567524115755627,0.03617363344051447,0,Critical Priority
BIHAR,GOPALGANJ,37,96,2562012,2033.0,1.4441774667722087,3.7470550489224874,0.01819970486965076,0.04722085587801279,0,Critical Priority
BIHAR,JAMUI,26,37,1760405,3098.0,1.4769328648805247,2.1017890769453618,0.008392511297611363,0.011943189154293092,0,Critical Priority
BIHAR,JEHANABAD,20,36,1125313,931.0,1.7772832980690705,3.1991099365243274,0.021482277121374866,0.03866809881847476,0,Critical Priority
BIHAR,KATIHAR,40,61,3071029,3057.0,1.3024950269111755,1.9863049160395423,0.013084723585214262,0.01995420346745175,0,Critical Priority
BIHAR,KHAGARIA,20,35,1666886,1486.0,1.1998421007795375,2.0997236763641904,0.013458950201884253,0.023553162853297442,0,Critical Priority
BIHAR,KISHANGANJ,21,41,1690400,1884.0,1.2423095125414103,2.4254614292475156,0.011146496815286623,0.02176220806794055,0,Critical Priority
BIHAR,LAKHISARAI,13,22,1000912,1228.0,1.2988154802819827,2.1979954281695093,0.010586319218241042,0.017915309446254073,0,Critical Priority
BIHAR,MADHEPURA,41,70,2001762,1788.0,2.0481955397294986,3.496919214172314,0.022930648769574943,0.039149888143176735,0,Critical Priority
BIHAR,MADHUBANI,51,111,4487379,3501.0,1.1365208956052073,2.473604302199569,0.01456726649528706,0.031705227077977724,0,Critical Priority
BIHAR,MUNGER,29,75,1367765,1419.0,2.1202472646982486,5.483398098357539,0.0204369274136716,0.052854122621564484,0,Critical Priority
BIHAR,MUZAFFARPUR,95,248,4801062,3172.0,1.9787288729035368,5.165523794527127,0.02994955863808323,0.07818411097099622,0,Critical Priority
BIHAR,NALANDA,42,96,2877653,2355.0,1.459522743013143,3.336051984030041,0.017834394904458598,0.04076433121019108,0,Critical Priority
BIHAR,NAWADA,20,39,2219146,2494.0,0.9012475970485944,1.7574328142447588,0.00801924619085806,0.015637530072173216,0,Critical Priority
BIHAR,PATNA,108,140,5838465,3202.0,1.8498012748213786,2.39789054143512,0.033728919425359154,0.04372267332916927,0,Critical Priority
BIHAR,PURNIA,64,105,3264619,3229.0,1.9604125320596368,3.216301810410342,0.019820377825952307,0.032517807370703006,0,Critical Priority
BIHAR,ROHTAS,42,78,2959918,3881.0,1.418958227896854,2.6352081375227288,0.010821953104869879,0.02009791290904406,0,Critical Priority
BIHAR,SAHARSA,39,82,1900661,1687.0,2.051917727569514,4.314288555402568,0.023117960877296978,0.04860699466508595,0,Critical Priority
BIHAR,SAMASTIPUR,55,109,4261566,2904.0,1.2906053783984572,2.557745204462397,0.01893939393939394,0.03753443526170799,0,Critical Priority
BIHAR,SARAN,60,154,3951862,2641.0,1.5182716400522083,3.896897209467335,0.022718667171525937,0.05831124574024991,0,Critical Priority
BIHAR,SHEIKHPURA,10,18,636342,689.0,1.5714820018166331,2.8286676032699396,0.01451378809869376,0.026124818577648767,0,Critical Priority
BIHAR,SHEOHAR,8,14,656246,349.0,1.219055049478397,2.1333463365871945,0.022922636103151862,0.04011461318051576,0,Critical Priority
BIHAR,SITAMARHI,38,65,3423574,2294.0,1.1099511796736392,1.8986007020733302,0.016564952048823016,0.02833478639930253,0,Critical Priority
BIHAR,SIWAN,47,117,3330464,2219.0,1.4112147736771812,3.513024011068728,0.02118071203244705,0.05272645335736818,0,Critical Priority
BIHAR,SUPAUL,39,65,2229076,2425.0,1.7496038717387834,2.916006452897972,0.016082474226804123,0.026804123711340205,0,Critical Priority
BIHAR,VAISHALI,49,126,3495021,2036.0,1.4019944372294186,3.605128552875648,0.02406679764243615,0.0618860510805501,0,Critical Priority
CHHATTISGARH,BASTAR,32,71,1413199,10470.0,2.264366164991625,5.024062428575169,0.0030563514804202484,0.006781279847182426,0,Critical Priority
CHHATTISGARH,BIJAPUR,15,14,255230,8530.0,5.877052070681346,5.485248599302589,0.0017584994138335288,0.0016412661195779601,0,Critical Priority
CHHATTISGARH,BILASPUR,76,191,2663629,8272.0,2.8532502086439213,7.170668287513013,0.00918762088974855,0.023089941972920695,0,Critical Priority
CHHATTISGARH,DAKSHIN BASTAR DANTEWADA,17,35,533638,8298.0,3.1856801801970622,6.558753312170422,0.0020486864304651723,0.0042178838274282955,0,Critical Priority
CHHATTISGARH,DHAMTARI,20,26,799781,4084.0,2.500684562398957,3.2508899311186434,0.004897159647404506,0.006366307541625857,0,Critical Priority
CHHATTISGARH,DURG,80,250,3343872,8535.0,2.3924360741081,7.476362731587812,0.009373169302870533,0.029291154071470416,0,Critical Priority
CHHATTISGARH,JASHPUR,26,46,851669,5838.0,3.052829209469876,5.40115937060055,0.004453579993148339,0.0078794107571086,0,Critical Priority
CHHATTISGARH,KABEERDHAM,17,26,822526,4235.0,2.066803967291004,3.160994302915652,0.004014167650531287,0.006139315230224321,0,Critical Priority
CHHATTISGARH,KORBA,45,116,1206640,6598.0,3.729364184843864,9.61347212093085,0.006820248560169748,0.017581085177326462,2,Moderate Priority
CHHATTISGARH,KORIYA,8,19,658917,6604.0,1.2141134619383018,2.8835194721034667,0.0012113870381586917,0.0028770442156268927,0,Critical Priority
CHHATTISGARH,MAHASAMUND,28,47,1032754,4790.0,2.7111974390803617,4.550938558456322,0.005845511482254697,0.009812108559498956,0,Critical Priority
CHHATTISGARH,NARAYANPUR,5,12,139820,4653.0,3.5760263195537116,8.582463166928909,0.001074575542660649,0.0025789813023855577,0,Critical Priority
CHHATTISGARH,RAIGARH,41,100,1493984,7086.0,2.744339966157603,6.693512112579519,0.005786057013830087,0.014112334180073384,0,Critical Priority
CHHATTISGARH,RAIPUR,36,55,4063872,12383.0,0.8858546725881129,1.3533890831207283,0.0029072114996365984,0.004441573124444803,0,Critical Priority
CHHATTISGARH,RAJNANDGAON,25,60,1537133,8070.0,1.6264044815900771,3.903370755816185,0.0030978934324659233,0.007434944237918215,0,Critical Priority
CHHATTISGARH,SURGUJA,26,64,2359886,15732.0,1.101748135291281,2.7119954099477686,0.0016526824307144673,0.004068141367912535,0,Critical Priority
CHHATTISGARH,UTTAR BASTAR KANKER,31,45,748941,7161.0,4.1391778524610086,6.008483979378883,0.004329004329004329,0.006284038542103058,0,Critical Priority
GOA,NORTH GOA,134,265,818008,1736.0,16.38125788500846,32.395771190501804,0.0771889400921659,0.15264976958525345,1,Well Served
GOA,SOUTH GOA,129,230,640537,1966.0,20.139351825109244,35.90737147112501,0.06561546286876907,0.11698880976602238,1,Well Served
GUJARAT,AMRELI,83,122,1514190,7397.0,5.481478546285472,8.057113043937683,0.011220765175070974,0.01649317290793565,2,Moderate Priority
GUJARAT,ANAND,112,161,2092745,3204.0,5.351822606194257,7.693244996404244,0.03495630461922597,0.050249687890137326,2,Moderate Priority
GUJARAT,BANAS KANTHA,55,116,3120506,10743.0,1.762534665852269,3.7173458407066033,0.005119612771106767,0.010797728753607,0,Critical Priority
GUJARAT,BHARUCH,96,217,1551019,6509.0,6.18947930360621,13.99080217585987,0.014748809340912583,0.033338454447687814,2,Moderate Priority
GUJARAT,BHAVNAGAR,125,202,2880365,10034.0,4.33972777755597,7.013000088530447,0.01245764401036476,0.02013155272074945,0,Critical Priority
GUJARAT,DOHAD,36,22,2127086,3642.0,1.69245625235651,1.0342788208845342,0.009884678747940691,0.0060406370126304225,0,Critical Priority
GUJARAT,GANDHINAGAR,124,189,1391753,2140.0,8.909626923742934,13.579995875704956,0.05794392523364486,0.0883177570093458,2,Moderate Priority
GUJARAT,JAMNAGAR,89,192,2160119,14184.0,4.120143380989658,8.888399203932746,0.0062746756909193456,0.01353637901861252,2,Moderate Priority
GUJARAT,JUNAGADH,89,160,2743082,8831.0,3.2445256831549334,5.83285516072797,0.01007813384667648,0.01811799343222738,0,Critical Priority
GUJARAT,KHEDA,84,133,2299885,3953.000487734537,3.652356530870022,5.782897840544201,0.021249681162609814,0.033645328507465544,0,Critical Priority
GUJARAT,MAHESANA,96,145,2035064,4401.0,4.7172963602127505,7.125083044071341,0.021813224267211998,0.032947057486934786,2,Moderate Priority
GUJARAT,NARMADA,15,20,590297,2817.0,2.541093720618604,3.388124960824805,0.005324813631522897,0.007099751508697196,0,Critical Priority
GUJARAT,NAVSARI,64,128,1329672,2246.0,4.81321709414051,9.62643418828102,0.028495102404274265,0.05699020480854853,2,Moderate Priority
GUJARAT,PANCH MAHALS,33,55,2390776,5231.0,1.380304972109474,2.3005082868491233,0.006308545211240681,0.010514242018734467,0,Critical Priority
GUJARAT,PATAN,40,75,1343734,5792.0,2.976779630492344,5.581461807173146,0.006906077348066298,0.01294889502762431,0,Critical Priority
GUJARAT,PORBANDAR,31,43,585449,2316.0,5.295081211172963,7.344790067110884,0.013385146804835924,0.018566493955094993,2,Moderate Priority
GUJARAT,RAJKOT,102,147,3804558,11198.0,2.6809947436732466,3.86378654235262,0.00910876942311127,0.013127344168601536,0,Critical Priority
GUJARAT,SABAR KANTHA,52,80,2428589,7394.0,2.1411609786588013,3.2940938133212327,0.007032729239924263,0.010819583446037328,0,Critical Priority
GUJARAT,SURAT,77,123,6081322,4549.0,1.2661720592989485,2.022586536282736,0.016926797098263356,0.02703890965047263,0,Critical Priority
GUJARAT,SURENDRANAGAR,71,118,1756268,10423.0,4.042663192633471,6.718792348320415,0.00681185839009882,0.011321116761009307,0,Critical Priority
GUJARAT,TAPI,21,45,807022,3139.0,2.6021595445972974,5.576056166994208,0.00669002867155145,0.014335775724753107,0,Critical Priority
GUJARAT,VADODARA,80,95,4165626,7546.0,1.9204796589996318,2.280569595062063,0.010601643254704479,0.01258945136496157,0,Critical Priority
GUJARAT,VALSAD,88,229,1705678,3008.0,5.159238730874174,13.425746242843022,0.02925531914893617,0.07613031914893617,2,Moderate Priority
HARYANA,AMBALA,76,167,1128350,1573.9999520709423,6.735498737093987,14.800372224930207,0.04828462662912113,0.10609911377714774,2,Moderate Priority
HARYANA,BHIWANI,41,78,1634445,4778.0,2.5084967680160544,4.772262144030543,0.00858099623273336,0.016324822101297615,0,Critical Priority
HARYANA,FARIDABAD,14,21,1809733,741.0,0.7735947788983236,1.1603921683474856,0.018893387314439947,0.02834008097165992,0,Critical Priority
HARYANA,FATEHABAD,51,69,942011,2538.0047116599712,5.413949518636194,7.324755231096027,0.020094525343352758,0.02718671075865373,2,Moderate Priority
HARYANA,HISAR,67,125,1743931,3983.0,3.8418951208505385,7.1677147777062284,0.016821491338187295,0.03138337936228973,2,Moderate Priority
HARYANA,JHAJJAR,49,82,958405,1834.0,5.112661140123434,8.555881907961666,0.026717557251908396,0.04471101417666303,2,Moderate Priority
HARYANA,JIND,51,83,1334152,2702.002297510634,3.8226528911248496,6.221180195360049,0.018874891426623328,0.030717960557053652,0,Critical Priority
HARYANA,KAITHAL,48,67,1074304,2316.999925136712,4.468009055165018,6.236595972834505,0.02071644434652617,0.028916703567026112,2,Moderate Priority
HARYANA,KARNAL,90,151,1505324,2519.9998500161546,5.9787793192694725,10.031063080107671,0.03571428783990723,0.05992063848695547,2,Moderate Priority
HARYANA,KURUKSHETRA,68,115,964655,1529.9995148227852,7.049152287605413,11.921360486391508,0.04444445853819517,0.07516342252783006,2,Moderate Priority
HARYANA,MAHENDRAGARH,32,55,922088,1899.0,3.4703846053738903,5.964723540486375,0.01685097419694576,0.028962611901000527,0,Critical Priority
HARYANA,PALWAL,20,53,1042708,1359.0,1.9180825312551548,5.082918707826161,0.014716703458425313,0.03899926416482708,0,Critical Priority
HARYANA,PANCHKULA,83,144,561293,897.9999179786504,14.787285784786198,25.655050036255574,0.09242762536863984,0.16035636208535103,1,Well Served
HARYANA,PANIPAT,77,138,1205437,1267.9959124636227,6.387724949541122,11.448130429047723,0.06072574780654826,0.10883315840654104,2,Moderate Priority
HARYANA,REWARI,37,86,900332,1594.0,4.109595127130881,9.55203191711502,0.023212045169385194,0.053952321204516936,2,Moderate Priority
HARYANA,ROHTAK,67,146,1061204,1745.0,6.3135834391879415,13.757957942111036,0.038395415472779366,0.0836676217765043,2,Moderate Priority
HARYANA,SIRSA,64,94,1295189,4277.0,4.941363770075255,7.257628037298032,0.014963759644610709,0.02197802197802198,2,Moderate Priority
HARYANA,SONIPAT,91,161,1450001,2122.0,6.275857740787766,11.103440618316816,0.04288407163053723,0.07587181903864279,2,Moderate Priority
HARYANA,YAMUNANAGAR,74,109,1214205,1767.9998547799714,6.094522753571267,8.977067299179298,0.04185520705781356,0.06165158877434699,2,Moderate Priority
HIMACHAL PRADESH,BILASPUR,30,40,381956,1167.0003378612182,7.854307826032318,10.472410434709756,0.025706933431554547,0.03427591124207273,2,Moderate Priority
HIMACHAL PRADESH,CHAMBA,30,45,519080,6522.0002245146725,5.77945596054558,8.669183940818371,0.004599815849014696,0.006899723773522045,2,Moderate Priority
HIMACHAL PRADESH,HAMIRPUR,36,53,454768,1117.999908243244,7.916124265559582,11.654294057629384,0.0322003604245086,0.04740608618052655,2,Moderate Priority
HIMACHAL PRADESH,KANGRA,109,177,1510075,5739.000080797061,7.218184527258581,11.721272122245583,0.018992855630847374,0.030841609602385186,2,Moderate Priority
HIMACHAL PRADESH,KINNAUR,12,17,84121,6400.999861719775,14.265165654236158,20.20898467683456,0.0018747071175183442,0.002655835083150988,1,Well Served
HIMACHAL PRADESH,LAHUL & SPITI,11,8,31564,13841.000106717893,34.84982891902167,25.345330122924853,0.0007947402583040962,0.0005779929151302517,1,Well Served
HIMACHAL PRADESH,MANDI,44,73,999777,3950.00032714741,4.4009814188564045,7.301628263102671,0.011139239583753574,0.01848101112759116,0,Critical Priority
HIMACHAL PRADESH,SHIMLA,105,155,814010,5131.000407287827,12.899104433606468,19.04153511627621,0.020463845578897837,0.030208533949801566,1,Well Served
HIMACHAL PRADESH,SIRMAUR,40,63,529855,2825.0001594548926,7.54923516811203,11.890045389776448,0.014159291236188226,0.022300883696996454,2,Moderate Priority
HIMACHAL PRADESH,SOLAN,76,155,580320,1936.0005246703984,13.096222773642129,26.70940170940171,0.03925618770838862,0.08006196177368731,1,Well Served
HIMACHAL PRADESH,UNA,30,62,521173,1539.9999053468234,5.756246006604333,11.896241746982287,0.019480520677852702,0.04025974273422892,2,Moderate Priority
JAMMU & KASHMIR,ANANTNAG,18,57,1078692,3574.0,1.6686876327997242,5.284177503865793,0.005036373810856184,0.01594851706771125,0,Critical Priority
JAMMU & KASHMIR,BADGAM,18,37,753745,1361.0,2.3880755427896703,4.908821949067656,0.01322556943423953,0.02718589272593681,0,Critical Priority
JAMMU & KASHMIR,DODA,15,30,409936,8912.0,3.65910776316303,7.31821552632606,0.0016831238779174147,0.0033662477558348293,0,Critical Priority
JAMMU & KASHMIR,GANDERBAL,8,11,297446,259.0,2.6895638199874936,3.6981502524828036,0.03088803088803089,0.04247104247104247,0,Critical Priority
JAMMU & KASHMIR,JAMMU,117,332,1529958,2342.0,7.6472687485538815,21.69994208991358,0.04995730145175064,0.14175918018787362,1,Well Served
JAMMU & KASHMIR,KATHUA,25,56,616435,2502.0,4.055577635922685,9.084493904466813,0.009992006394884092,0.02238209432454037,2,Moderate Priority
JAMMU & KASHMIR,KISHTWAR,5,12,230696,1644.0,2.1673544404757776,5.201650657141866,0.0030413625304136255,0.0072992700729927005,0,Critical Priority
JAMMU & KASHMIR,KULGAM,4,16,424483,410.0,0.9423227785329449,3.7692911141317795,0.00975609756097561,0.03902439024390244,0,Critical Priority
JAMMU & KASHMIR,KUPWARA,11,25,870354,2379.0,1.2638535584371418,2.8723944509935038,0.004623791509037411,0.010508617065994116,0,Critical Priority
JAMMU & KASHMIR,PULWAMA,14,20,560440,1086.0,2.4980372564413673,3.5686246520590967,0.01289134438305709,0.01841620626151013,0,Critical Priority
JAMMU & KASHMIR,RAJOURI,15,39,642415,2630.0,2.3349392526637764,6.070842056925819,0.005703422053231939,0.014828897338403042,0,Critical Priority
JAMMU & KASHMIR,RAMBAN,7,10,283713,1329.0,2.4672820773105215,3.5246886818721737,0.005267118133935289,0.007524454477050414,0,Critical Priority
JAMMU & KASHMIR,REASI,13,21,314667,1719.0,4.131351555771657,6.673721743938831,0.0075625363583478765,0.012216404886561954,0,Critical Priority
JAMMU & KASHMIR,SAMBA,23,54,318898,904.0,7.212337487221619,16.933314100433368,0.025442477876106196,0.059734513274336286,2,Moderate Priority
JAMMU & KASHMIR,SRINAGAR,12,13,1236829,1979.0,0.9702230461931278,1.0510749667092216,0.00606366851945427,0.006568974229408792,0,Critical Priority
JAMMU & KASHMIR,UDHAMPUR,22,60,554985,2637.0,3.9640711010207483,10.81110300278386,0.008342813803564657,0.022753128555176336,2,Moderate Priority
JHARKHAND,BOKARO,105,175,2062330,2883.0,5.091328739823403,8.485547899705672,0.036420395421436005,0.060700659035726676,2,Moderate Priority
JHARKHAND,CHATRA,36,24,1042886,3718.0,3.451959274551581,2.301306183034387,0.009682625067240451,0.006455083378160301,0,Critical Priority
JHARKHAND,DEOGHAR,47,82,1492073,2477.0,3.1499799272555697,5.495709660318228,0.018974566007266856,0.03310456197012515,0,Critical Priority
JHARKHAND,DHANBAD,55,54,2684487,2040.0,2.0488085805593395,2.011557515458261,0.02696078431372549,0.026470588235294117,0,Critical Priority
JHARKHAND,DUMKA,46,61,1321442,3761.000000000001,3.4810457061301214,4.616169305955161,0.012230789683594786,0.016219090667375695,0,Critical Priority
JHARKHAND,GARHWA,25,37,1322784,4093.0,1.889953310593415,2.7971308996782542,0.00610798924993892,0.009039824089909602,0,Critical Priority
JHARKHAND,GIRIDIH,76,79,2445474,4962.0,3.107781967831185,3.2304575718245214,0.015316404675534058,0.01592099959693672,0,Critical Priority
JHARKHAND,GODDA,49,48,1313551,2266.004212142704,3.7303462141934345,3.654216699618058,0.021623966865298206,0.02118266141906763,0,Critical Priority
JHARKHAND,GUMLA,31,40,1025213,5360.000000000001,3.0237618914313416,3.9016282470081824,0.005783582089552238,0.007462686567164178,0,Critical Priority
JHARKHAND,JAMTARA,32,29,791042,1811.0,4.0452972155713605,3.6660506016115453,0.0176697956929873,0.01601325234676974,0,Critical Priority
JHARKHAND,KHUNTI,19,21,531885,2535.003204961766,3.572200757682582,3.9482218900702217,0.007495059557641295,0.008284013195287748,0,Critical Priority
JHARKHAND,LATEHAR,18,24,726978,4290.999999999999,2.476003400378003,3.3013378671706706,0.004194826380797018,0.0055931018410626905,0,Critical Priority
JHARKHAND,PAKUR,28,28,900422,1811.0,3.109653029357346,3.109653029357346,0.015461071231363888,0.015461071231363888,0,Critical Priority
JHARKHAND,PURBI SINGHBHUM,127,328,2293919,3562.0,5.536376829347505,14.298674015952612,0.03565412689500281,0.09208309938236946,2,Moderate Priority
JHARKHAND,RAMGARH,47,82,949443,1341.001708025763,4.95027084301006,8.636642747379254,0.03504842664905618,0.06114831883452354,2,Moderate Priority
JHARKHAND,RANCHI,68,95,2914253,5097.0,2.3333595264378215,3.2598405148763683,0.01334118108691387,0.01863841475377673,0,Critical Priority
JHARKHAND,SIMDEGA,15,13,599578,3774.000303945145,2.5017595708981983,2.168191628111772,0.003974562477994444,0.0034446208142618513,0,Critical Priority
KARNATAKA,BIDAR,54,122,1703300,5448.0,3.170316444548817,7.162566782128809,0.009911894273127754,0.022393538913362702,0,Critical Priority
KARNATAKA,CHAMARAJANAGAR,44,60,1020791,5648.0,4.310382830569627,5.877794768958582,0.007790368271954674,0.010623229461756374,0,Critical Priority
KARNATAKA,CHIKKABALLAPURA,42,66,1255104,4244.0,3.3463362398653818,5.258528376931314,0.009896324222431668,0.015551366635249765,0,Critical Priority
KARNATAKA,CHITRADURGA,51,74,1659456,8436.0,3.0732963091519148,4.459292683867484,0.00604551920341394,0.008771929824561403,0,Critical Priority
KARNATAKA,DHARWAD,79,237,1847023,4260.0,4.27715301866842,12.831459056005258,0.018544600938967135,0.05563380281690141,2,Moderate Priority
KARNATAKA,GADAG,33,69,1064570,4657.0,3.0998431291507367,6.481490179133359,0.0070861069357955764,0.014816405411208933,0,Critical Priority
KARNATAKA,HASSAN,73,167,1776421,6814.0,4.109386232205091,9.40092466819521,0.01071323745230408,0.024508365130613444,2,Moderate Priority
KARNATAKA,HAVERI,41,64,1597668,4823.0,2.566240295230298,4.005838509627782,0.008500933029234915,0.013269749118805723,0,Critical Priority
KARNATAKA,KODAGU,26,45,554519,4102.0,4.688748266515665,8.11514123050788,0.006338371526084837,0.010970258410531447,2,Moderate Priority
KARNATAKA,KOLAR,51,110,1536401,3979.0,3.3194458998659857,7.159589195789381,0.012817290776577029,0.02764513696908771,0,Critical Priority
KARNATAKA,KOPPAL,46,73,1389920,5570.0,3.3095429952803035,5.2521008403361344,0.008258527827648115,0.01310592459605027,0,Critical Priority
KARNATAKA,MANDYA,61,109,1805769,4962.0,3.3780621995393654,6.0362095040949315,0.012293430068520758,0.02196694881096332,0,Critical Priority
KARNATAKA,RAICHUR,74,105,1928812,8442.0,3.836558461892605,5.443765385117886,0.008765695332859511,0.012437810945273632,0,Critical Priority
KARNATAKA,YADGIR,33,53,1174271,5270.0,2.8102541917496047,4.513438550385729,0.0062618595825426945,0.010056925996204934,0,Critical Priority
KERALA,ERNAKULAM,347,810,3282388,3063.0,10.571571672818692,24.677155778049396,0.11328762650995756,0.2644466209598433,3,Highly Served
KERALA,IDUKKI,59,158,1108974,4356.0,5.320232936029159,14.247403455806898,0.013544536271808998,0.03627180899908173,2,Moderate Priority
KERALA,KANNUR,95,318,2523003,2961.0,3.765354222725855,12.604027819229703,0.032083755488010804,0.10739614994934144,2,Moderate Priority
KERALA,KASARAGOD,38,75,1307375,1989.0,2.9065876278802945,5.736686107658476,0.019105077928607342,0.03770739064856712,0,Critical Priority
KERALA,KOLLAM,132,357,2635375,2483.0,5.008774842289997,13.546459232557035,0.053161498187676196,0.14377768828030607,2,Moderate Priority
KERALA,KOTTAYAM,190,415,1974551,2206.0,9.622440747288877,21.017436369078336,0.08612873980054397,0.18812330009066183,1,Well Served
KERALA,KOZHIKODE,150,339,3086293,2345.0,4.860199598677118,10.984051093010288,0.06396588486140725,0.14456289978678039,2,Moderate Priority
KERALA,MALAPPURAM,118,259,4112920,3554.0,2.8690079067912824,6.297229219143577,0.033202025886325266,0.07287563308947664,2,Moderate Priority
KERALA,PALAKKAD,140,349,2809934,4482.0,4.9823234282371045,12.420220546105353,0.031236055332440876,0.07786702365015619,2,Moderate Priority
KERALA,PATHANAMTHITTA,120,219,1197412,2652.0,10.021613279305702,18.28944423473291,0.04524886877828054,0.08257918552036199,1,Well Served
KERALA,THIRUVANANTHAPURAM,277,715,3301427,2189.0,8.390311219966396,21.657301524462,0.12654179990863407,0.32663316582914576,3,Highly Served
KERALA,THRISSUR,212,413,3121200,3027.0,6.792259387415096,13.2320902217096,0.0700363396101751,0.1364387182028411,2,Moderate Priority
KERALA,WAYANAD,32,76,817420,2130.0,3.9147561840914094,9.297545937217098,0.015023474178403756,0.03568075117370892,2,Moderate Priority
LAKSHADWEEP,LAKSHADWEEP,5,7,64473,30.0,7.7551843407317795,10.857258077024492,0.16666666666666666,0.23333333333333334,3,Highly Served
MADHYA PRADESH,ALIRAJPUR,9,8,728999,3182.0,1.2345695947456718,1.097395195329486,0.0028284098051539913,0.00251414204902577,0,Critical Priority
MADHYA PRADESH,ANUPPUR,16,38,749237,3747.0,2.1355058546227697,5.0718264047290775,0.004270082732852949,0.010141446490525754,0,Critical Priority
MADHYA PRADESH,ASHOKNAGAR,22,37,845071,4674.0,2.6033315543901048,4.378330341474267,0.004706889174154899,0.007916131792896876,0,Critical Priority
MADHYA PRADESH,BALAGHAT,32,76,1701698,9229.0,1.8804746788208013,4.466127362199403,0.0034673312384873767,0.008234911691407519,0,Critical Priority
MADHYA PRADESH,BARWANI,40,48,1385881,5427.0,2.886250695406027,3.463500834487232,0.0073705546342362266,0.008844665561083471,0,Critical Priority
MADHYA PRADESH,BETUL,54,89,1575362,10043.0,3.4277835824400995,5.649495163651276,0.005376879418500448,0.008861893856417405,0,Critical Priority
MADHYA PRADESH,BHIND,26,86,1703005,4459.0,1.5267130748294926,5.049897093666783,0.0058309037900874635,0.019286835613366225,0,Critical Priority
MADHYA PRADESH,BHOPAL,21,25,2371061,2772.0,0.8856794489892921,1.054380296415824,0.007575757575757576,0.009018759018759018,0,Critical Priority
MADHYA PRADESH,BURHANPUR,30,52,757847,3427.0,3.9585826690611694,6.861543293039361,0.008754012255617158,0.01517362124306974,0,Critical Priority
MADHYA PRADESH,CHHATARPUR,47,111,1762375,8687.0,2.666855805376268,6.29831902971842,0.005410383331414758,0.01277771382525613,0,Critical Priority
MADHYA PRADESH,CHHINDWARA,44,92,2090922,11815.0,2.1043348341066763,4.399972834950323,0.0037240795598815065,0.0077867118070249685,0,Critical Priority
MADHYA PRADESH,DAMOH,28,61,1264219,7306.0,2.2148061372278063,4.82511337038915,0.0038324664659184233,0.008349301943607994,0,Critical Priority
MADHYA PRADESH,DATIA,17,40,786754,2902.0,2.160777066274846,5.0841813324114025,0.00585802894555479,0.013783597518952447,0,Critical Priority
MADHYA PRADESH,DEWAS,61,126,1563715,7020.0,3.9009666083653354,8.057734305803807,0.008689458689458689,0.017948717948717947,0,Critical Priority
MADHYA PRADESH,DHAR,73,120,2185793,8153.0,3.3397490064246704,5.489998366725486,0.008953759352385625,0.01471850852446952,0,Critical Priority
MADHYA PRADESH,DINDORI,10,31,704524,7470.0,1.419398061670007,4.400133991177022,0.0013386880856760374,0.004149933065595716,0,Critical Priority
MADHYA PRADESH,GUNA,44,75,1241519,6390.0,3.5440456408641348,6.040986887836594,0.006885758998435055,0.011737089201877934,0,Critical Priority
MADHYA PRADESH,GWALIOR,23,41,2032036,4560.0,1.1318697109696876,2.017680789119878,0.005043859649122807,0.008991228070175439,0,Critical Priority
MADHYA PRADESH,HARDA,29,46,570465,3334.0,5.0835721735776955,8.063597240847379,0.008698260347930415,0.013797240551889621,2,Moderate Priority
MADHYA PRADESH,INDORE,80,92,3276697,3898.0,2.4414829933924316,2.807705442401296,0.02052334530528476,0.023601847101077475,0,Critical Priority
MADHYA PRADESH,JABALPUR,35,46,2463289,5211.0,1.4208645432996292,1.8674219711937983,0.006716561120706199,0.008827480330071004,0,Critical Priority
MADHYA PRADESH,JHABUA,17,24,1025048,3600.0,1.6584589209480922,2.341353770750248,0.004722222222222222,0.006666666666666667,0,Critical Priority
MADHYA PRADESH,KATNI,40,119,1292042,4950.0,3.0958745923120143,9.210226912128244,0.00808080808080808,0.02404040404040404,0,Critical Priority
MADHYA PRADESH,MANDLA,24,67,1054905,5800.0,2.2750863821860734,6.351282816936123,0.004137931034482759,0.011551724137931034,0,Critical Priority
MADHYA PRADESH,MANDSAUR,47,83,1340411,5535.0,3.5063872200392265,6.192130622622464,0.008491418247515809,0.014995483288166215,0,Critical Priority
MADHYA PRADESH,MORENA,38,100,1965970,4989.0,1.9328880908660864,5.086547607542332,0.0076167568651032275,0.020044097013429546,0,Critical Priority
MADHYA PRADESH,NARSIMHAPUR,37,72,1091854,5133.0,3.388731460433355,6.5942882473297715,0.00720826027664134,0.014026884862653419,0,Critical Priority
MADHYA PRADESH,NEEMUCH,29,55,826067,4256.0,3.5106111247634875,6.658055581447994,0.00681390977443609,0.012922932330827067,0,Critical Priority
MADHYA PRADESH,PANNA,26,50,1016520,7135.0,2.5577460354936448,4.918742375949318,0.003644008409250175,0.00700770847932726,0,Critical Priority
MADHYA PRADESH,RAISEN,52,81,1331597,8466.0,3.9050853974588406,6.082921484503195,0.006142215922513584,0.00956768249468462,0,Critical Priority
MADHYA PRADESH,RAJGARH,54,100,1545814,6153.0,3.4933051453797153,6.469083602555029,0.008776206728425159,0.01625223468226881,0,Critical Priority
MADHYA PRADESH,RATLAM,52,103,1455069,4861.0,3.5737136864299908,7.078702109659405,0.010697387368854146,0.02118905574984571,0,Critical Priority
MADHYA PRADESH,REWA,27,79,2365106,6314.0,1.1415978818708337,3.3402308395479947,0.0042762115932847644,0.012511878365536902,0,Critical Priority
MADHYA PRADESH,SAGAR,59,155,2378458,10252.0,2.480598774500117,6.516827288940987,0.00575497463909481,0.015119001170503316,0,Critical Priority
MADHYA PRADESH,SATNA,34,82,2228935,7502.0,1.5253921715976464,3.678887002088441,0.0045321247667288725,0.010930418555051986,0,Critical Priority
MADHYA PRADESH,SEHORE,53,76,1311332,6578.0,4.0416919590157185,5.795633752550842,0.008057160231073274,0.011553663727576772,0,Critical Priority
MADHYA PRADESH,SEONI,20,64,1379131,8758.0,1.4501885607676137,4.640603394456364,0.0022836263987211693,0.007307604475907742,0,Critical Priority
MADHYA PRADESH,SHAHDOL,23,68,1066063,6205.0,2.15747099374052,6.378609894537189,0.0037066881547139405,0.010958904109589041,0,Critical Priority
MADHYA PRADESH,SHAJAPUR,38,50,1512681,6195.0,2.512096073131083,3.30538956990932,0.006133979015334947,0.008071025020177562,0,Critical Priority
MADHYA PRADESH,SHEOPUR,12,24,687861,6606.0,1.7445385041454595,3.489077008290919,0.0018165304268846503,0.0036330608537693005,0,Critical Priority
MADHYA PRADESH,SHIVPURI,34,74,1726050,10066.0,1.9698154746386258,4.287245444801715,0.00337770713292271,0.00735148023047884,0,Critical Priority
MADHYA PRADESH,SIDHI,11,34,1127033,4851.0,0.9760140120120706,3.0167705825827635,0.0022675736961451248,0.0070088641517212944,0,Critical Priority
MADHYA PRADESH,SINGRAULI,23,64,1178273,5675.0,1.952009423962019,5.431678397111705,0.004052863436123348,0.011277533039647578,0,Critical Priority
MADHYA PRADESH,TIKAMGARH,18,46,1445166,5048.0,1.2455316551870166,3.183025341033487,0.0035657686212361333,0.009112519809825673,0,Critical Priority
MADHYA PRADESH,UJJAIN,93,185,1986864,6091.0,4.68074312081753,9.311155670443473,0.015268428829420456,0.030372681004761124,2,Moderate Priority
MADHYA PRADESH,UMARIA,13,41,644758,4076.0,2.0162603643537573,6.358974995269543,0.0031894013738959764,0.010058881256133464,0,Critical Priority
MADHYA PRADESH,VIDISHA,41,70,1458875,7371.0,2.8103847142489933,4.798217804815354,0.005562338895672229,0.00949667616334283,0,Critical Priority
MAHARASHTRA,AKOLA,53,143,1813906,5672.81,2.921871364888809,7.883539720360372,0.009342812468600217,0.025207965717166624,0,Critical Priority
MAHARASHTRA,AMRAVATI,97,236,2888445,12210.0,3.3582083093152195,8.17048619585971,0.007944307944307944,0.01932841932841933,0,Critical Priority
MAHARASHTRA,BHANDARA,46,86,1200334,4087.0,3.8322666857724603,7.164672499487643,0.011255199412772204,0.021042329336921947,0,Critical Priority
MAHARASHTRA,BID,72,126,2585049,10693.0,2.7852470107916716,4.874182268885425,0.006733376975591509,0.01178340970728514,0,Critical Priority
MAHARASHTRA,CHANDRAPUR,98,175,2204307,11443.000000000002,4.445841708981553,7.939003051752772,0.00856418771301232,0.015293192344664858,2,Moderate Priority
MAHARASHTRA,DHULE,58,120,2050862,7195.0,2.8280791199017776,5.851198179107127,0.008061153578874217,0.01667824878387769,0,Critical Priority
MAHARASHTRA,GADCHIROLI,33,53,1072942,14412.0,3.075655534036323,4.939689191028033,0.002289758534554538,0.003677490979739106,0,Critical Priority
MAHARASHTRA,HINGOLI,31,41,1177345,4827.0,2.63304299079709,3.4824116975058286,0.006422208411021338,0.008493888543608866,0,Critical Priority
MAHARASHTRA,JALGAON,130,247,4229917,11765.0,3.0733463564415096,5.839358077238868,0.011049723756906077,0.020994475138121547,0,Critical Priority
MAHARASHTRA,KOLHAPUR,176,397,3876001,7685.0,4.540762502383256,10.242515417307683,0.022901756668835392,0.0516590761223162,2,Moderate Priority
MAHARASHTRA,LATUR,76,129,2454196,7157.0,3.0967371799155403,5.256303897488221,0.010618974430627358,0.018024311862512226,0,Critical Priority
MAHARASHTRA,NAGPUR,121,201,4653570,9892.0,2.6001542901471346,4.319264564624579,0.012232106752931663,0.020319450060655074,0,Critical Priority
MAHARASHTRA,NANDED,91,171,3361292,10528.0,2.7072923149788832,5.087329514960319,0.008643617021276596,0.01624240121580547,0,Critical Priority
MAHARASHTRA,NANDURBAR,29,70,1648295,5955.0,1.759393797833519,4.246812615460218,0.004869857262804366,0.011754827875734676,0,Critical Priority
MAHARASHTRA,PARBHANI,46,73,1836086,6214.0,2.505329271069002,3.975848625826895,0.007402639201802382,0.011747666559382041,0,Critical Priority
MAHARASHTRA,PUNE,196,494,9429408,15643.0,2.078603449972681,5.238929103502574,0.012529565940037077,0.031579620277440386,0,Critical Priority
MAHARASHTRA,RATNAGIRI,117,173,1615069,8208.0,7.24427253572448,10.711616655387479,0.01425438596491228,0.02107699805068226,2,Moderate Priority
MAHARASHTRA,SANGLI,144,264,2822143,8572.0,5.102505436471504,9.354593300197758,0.01679888007466169,0.03079794680354643,2,Moderate Priority
MAHARASHTRA,SATARA,119,248,3003741,10480.0,3.961726393853531,8.256370972064502,0.011354961832061068,0.02366412213740458,2,Moderate Priority
MAHARASHTRA,SINDHUDURG,73,97,849651,5207.0,8.59176297091394,11.416452166830851,0.014019589014787786,0.018628768964855002,2,Moderate Priority
MAHARASHTRA,SOLAPUR,170,330,4317756,14895.0,3.9372303576209493,7.64285892949949,0.011413225914736489,0.022155085599194362,0,Critical Priority
MAHARASHTRA,THANE,107,325,11060148,9558.0,0.9674373254318117,2.9384778576199886,0.011194810629838878,0.034002929483155475,0,Critical Priority
MAHARASHTRA,WARDHA,75,116,1300774,6309.0,5.765797901864582,8.917767421550554,0.011887779362815026,0.018386432081153908,2,Moderate Priority
MAHARASHTRA,WASHIM,33,55,1197160,4901.1900000000005,2.756523772929266,4.594206288215443,0.006733058706150955,0.011221764510251591,0,Critical Priority
MAHARASHTRA,YAVATMAL,71,142,2772348,13582.0,2.5610060497455587,5.122012099491117,0.005227506994551613,0.010455013989103226,0,Critical Priority
MANIPUR,CHANDEL,3,4,144182,3313.0,2.080703555228808,2.774271406971744,0.0009055236945366737,0.0012073649260488982,0,Critical Priority
MANIPUR,CHURACHANDPUR,11,15,274143,4570.0,4.012504422874193,5.471596940282991,0.0024070021881838076,0.0032822757111597373,0,Critical Priority
MANIPUR,IMPHAL EAST,14,43,456113,709.0,3.0694148160653176,9.42748836362919,0.019746121297602257,0.06064880112834979,2,Moderate Priority
MANIPUR,IMPHAL WEST,26,130,517992,519.0,5.019382538726466,25.096912693632337,0.05009633911368015,0.2504816955684008,1,Well Served
MANIPUR,SENAPATI,12,15,479148,3271.0,2.5044453905682587,3.1305567382103234,0.0036686028737389176,0.0045857535921736475,0,Critical Priority
MANIPUR,TAMENGLONG,2,1,140651,4391.0,1.4219593177439194,0.7109796588719597,0.0004554771122751082,0.0002277385561375541,0,Critical Priority
MANIPUR,THOUBAL,8,26,422168,514.0,1.8949801974569365,6.158685641735044,0.01556420233463035,0.05058365758754864,0,Critical Priority
MANIPUR,UKHRUL,4,5,183998,4544.0,2.1739366732247087,2.7174208415308865,0.0008802816901408451,0.0011003521126760564,0,Critical Priority
MEGHALAYA,EAST GARO HILLS,8,10,317917,2603.0,2.516380061462583,3.145475076828229,0.003073376872839032,0.00384172109104879,0,Critical Priority
MEGHALAYA,EAST KHASI HILLS,57,216,825922,2748.0,6.90137809623669,26.152590680475882,0.02074235807860262,0.07860262008733625,1,Well Served
MEGHALAYA,SOUTH GARO HILLS,5,5,142334,1887.0,3.5128641083648318,3.5128641083648318,0.002649708532061473,0.002649708532061473,0,Critical Priority
MEGHALAYA,WEST GARO HILLS,23,46,643291,3677.0,3.5753648037979704,7.150729607595941,0.006255099265705739,0.012510198531411477,0,Critical Priority
MEGHALAYA,WEST KHASI HILLS,4,5,383461,5247.0,1.0431308529420202,1.3039135661775252,0.0007623403849818944,0.000952925481227368,0,Critical Priority
MIZORAM,AIZAWL,37,88,400309,3576.0,9.242859890734408,21.98301811850346,0.01034675615212528,0.024608501118568233,1,Well Served
MIZORAM,CHAMPHAI,4,5,125745,3185.0,3.181040995665832,3.9763012445822894,0.0012558869701726845,0.0015698587127158557,0,Critical Priority
MIZORAM,KOLASIB,7,6,83955,1382.0,8.337800011911142,7.146685724495266,0.005065123010130246,0.004341534008683068,2,Moderate Priority
MIZORAM,LAWNGTLAI,3,5,117894,2557.0,2.544658761260115,4.241097935433525,0.0011732499022291747,0.0019554165037152915,0,Critical Priority
MIZORAM,LUNGLEI,5,12,161428,4536.0,3.0973560968357408,7.433654632405778,0.0011022927689594356,0.0026455026455026454,0,Critical Priority
MIZORAM,MAMIT,3,5,86364,3025.0,3.473669584549118,5.789449307581863,0.0009917355371900827,0.001652892561983471,0,Critical Priority
MIZORAM,SERCHHIP,5,4,64937,1421.0,7.699770546837704,6.159816437470163,0.003518648838845883,0.0028149190710767065,2,Moderate Priority
NAGALAND,DIMAPUR,17,88,378811,927.0,4.487726069200736,23.230582005274396,0.018338727076591153,0.09492988133764833,2,Moderate Priority
NAGALAND,KIPHIRE,2,4,74004,1130.0,2.7025566185611587,5.405113237122317,0.0017699115044247787,0.0035398230088495575,0,Critical Priority
NAGALAND,KOHIMA,19,59,267988,1463.0,7.089869695658015,22.015911160201203,0.012987012987012988,0.04032809295967191,2,Moderate Priority
NAGALAND,LONGLENG,2,3,50484,562.0,3.9616512162269233,5.9424768243403845,0.0035587188612099642,0.005338078291814947,0,Critical Priority
NAGALAND,MOKOKCHUNG,11,31,194622,1614.9999999999998,5.651981790342305,15.928312318237404,0.006811145510835915,0.019195046439628487,2,Moderate Priority
NAGALAND,MON,7,8,250260,1786.0,2.797091025333653,3.1966754575241745,0.003919372900335946,0.004479283314669653,0,Critical Priority
NAGALAND,PEREN,3,5,95219,1651.0,3.150631701656182,5.251052836093637,0.0018170805572380376,0.0030284675953967293,0,Critical Priority
NAGALAND,PHEK,5,6,163418,2025.9999999999995,3.0596384731180164,3.6715661677416196,0.00246791707798618,0.002961500493583416,0,Critical Priority
NAGALAND,TUENSANG,5,8,196596,2536.0,2.5432867403202506,4.0692587845124,0.001971608832807571,0.0031545741324921135,0,Critical Priority
NAGALAND,WOKHA,8,6,166343,1627.9999999999998,4.809339737770751,3.607004803328063,0.004914004914004915,0.003685503685503686,0,Critical Priority
NAGALAND,ZUNHEBOTO,8,9,140757,1255.0,5.683553926270097,6.393998167053859,0.006374501992031873,0.007171314741035857,2,Moderate Priority
NCT OF DELHI,NEW DELHI,1,10,142004,35.0,0.7042055153375961,7.042055153375961,0.02857142857142857,0.2857142857142857,2,Moderate Priority
ODISHA,ANUGUL,57,153,1273821,6375.0,4.47472604078595,12.011106741057025,0.008941176470588235,0.024,2,Moderate Priority
ODISHA,BALANGIR,45,128,1648997,6575.0,2.728931586897975,7.762294291620907,0.006844106463878327,0.01946768060836502,0,Critical Priority
ODISHA,BALESHWAR,68,197,2320529,3806.0,2.930366308716676,8.48944357084096,0.01786652653704677,0.051760378349973726,2,Moderate Priority
ODISHA,BARGARH,48,118,1481255,5837.0,3.2404953907328586,7.9662178355516104,0.008223402432756552,0.02021586431385986,0,Critical Priority
ODISHA,BHADRAK,35,149,1506337,2505.0,2.323517247468528,9.891544853508876,0.013972055888223553,0.05948103792415169,2,Moderate Priority
ODISHA,CUTTACK,135,335,2624470,3932.0,5.143895719897732,12.764481971598075,0.03433367243133265,0.08519837232960326,2,Moderate Priority
ODISHA,DHENKANAL,44,96,1192811,4452.0,3.688765445657359,8.048215517797873,0.009883198562443846,0.0215633423180593,0,Critical Priority
ODISHA,GAJAPATI,18,40,577817,4325.0,3.115173143053943,6.922606984564317,0.004161849710982659,0.009248554913294798,0,Critical Priority
ODISHA,GANJAM,134,378,3529031,8206.0,3.7970763079156855,10.711155555165144,0.016329514989032415,0.04606385571533025,2,Moderate Priority
ODISHA,JHARSUGUDA,37,86,579505,2114.0,6.384759406735058,14.84025159403284,0.01750236518448439,0.04068117313150426,2,Moderate Priority
ODISHA,KALAHANDI,52,115,1576869,7920.0,3.2976740617007496,7.292933021068967,0.0065656565656565654,0.01452020202020202,0,Critical Priority
ODISHA,KANDHAMAL,32,58,733110,8021.0,4.364965694097748,7.911500320552168,0.003989527490337863,0.007231018576237377,0,Critical Priority
ODISHA,KENDRAPARA,41,109,1440361,2644.0,2.8465086183255446,7.567547302377668,0.015506807866868382,0.041225416036308624,0,Critical Priority
ODISHA,KORAPUT,45,109,1379647,8807.0,3.2617038996207004,7.900571667970141,0.00510957193141819,0.01237651867832406,0,Critical Priority
ODISHA,MALKANGIRI,20,35,613192,5791.0,3.2616211561794675,5.707837023314068,0.003453634950785702,0.006043861163874978,0,Critical Priority
ODISHA,MAYURBHANJ,102,204,2519738,10418.0,4.048039915261031,8.096079830522061,0.009790746784411596,0.019581493568823192,0,Critical Priority
ODISHA,NAYAGARH,23,67,962789,3890.0,2.3888931011883185,6.958949468679015,0.005912596401028277,0.017223650385604115,0,Critical Priority
ODISHA,PURI,54,153,1698730,3479.0,3.1788453727196195,9.006728556038924,0.015521701638401839,0.04397815464213854,2,Moderate Priority
ODISHA,RAYAGADA,40,89,967911,7073.0,4.132611366127671,9.195060289634068,0.005655308921249823,0.012583062349780856,2,Moderate Priority
ODISHA,SAMBALPUR,63,150,1041099,6624.0,6.051297715202877,14.407851702863994,0.009510869565217392,0.022644927536231884,2,Moderate Priority
ODISHA,SUNDARGARH,116,247,2093437,9712.0,5.541126864577248,11.798778754746381,0.011943986820428337,0.025432454695222404,2,Moderate Priority
PUDUCHERRY,KARAIKAL,8,25,200222,157.0,3.9955649229355417,12.486140384173567,0.050955414012738856,0.1592356687898089,2,Moderate Priority
PUDUCHERRY,PUDUCHERRY,45,198,950289,294.0,4.735401546266451,20.835766803572387,0.15306122448979592,0.673469387755102,3,Highly Served
PUNJAB,AMRITSAR,84,100,2490656,2683.0,3.3726054501304072,4.015006488250485,0.03130823704808051,0.03727171077152441,0,Critical Priority
PUNJAB,BARNALA,50,68,595527,1482.0,8.395924953864393,11.418457937255575,0.033738191632928474,0.04588394062078273,2,Moderate Priority
PUNJAB,BATHINDA,135,217,1388525,3353.0,9.722547307394539,15.628094560774924,0.040262451535937965,0.06471816283924843,1,Well Served
PUNJAB,FARIDKOT,42,65,617508,1458.0,6.801531316193475,10.526179417918472,0.02880658436213992,0.04458161865569273,2,Moderate Priority
PUNJAB,FATEHGARH SAHIB,55,66,600163,1180.0,9.164177065230612,10.997012478276735,0.046610169491525424,0.05593220338983051,2,Moderate Priority
PUNJAB,GURDASPUR,82,174,2298323,3550.999920093959,3.56781879657472,7.570737446390259,0.023092087255758172,0.04900028271343807,2,Moderate Priority
PUNJAB,HOSHIARPUR,107,186,1586625,3386.0013417644177,6.74387457653825,11.72299692744032,0.03160069627859131,0.05493205147493442,2,Moderate Priority
PUNJAB,JALANDHAR,204,372,2193590,2624.0,9.299823576876262,16.958501816656714,0.07774390243902439,0.14176829268292682,1,Well Served
PUNJAB,KAPURTHALA,61,97,815168,1633.0021470810038,7.483120043966397,11.899387610897385,0.03735451304153989,0.059399799426710975,2,Moderate Priority
PUNJAB,LUDHIANA,153,230,3498739,3578.0,4.373004102335155,6.573797016582259,0.04276131917272219,0.06428172163219675,2,Moderate Priority
PUNJAB,MANSA,45,69,769751,2198.0,5.846046318874545,8.96393768894097,0.020473157415832575,0.03139217470427662,2,Moderate Priority
PUNJAB,MOGA,56,84,995746,2242.0,5.623924173433787,8.435886260150681,0.024977698483496878,0.03746654772524532,2,Moderate Priority
PUNJAB,MUKTSAR,59,75,901896,2593.0,6.54177421786991,8.315814683732937,0.022753567296567682,0.028924026224450443,2,Moderate Priority
PUNJAB,PATIALA,158,295,1895686,3325.0,8.334713660384685,15.561648922870138,0.0475187969924812,0.0887218045112782,2,Moderate Priority
PUNJAB,RUPNAGAR,42,96,684627,1356.0,6.1347273770973105,14.022234004793852,0.030973451327433628,0.07079646017699115,2,Moderate Priority
PUNJAB,SAHIBZADA AJIT SINGH NAGAR,153,303,994628,1094.0,15.38263551800271,30.463650731730862,0.13985374771480805,0.27696526508226693,3,Highly Served
PUNJAB,SANGRUR,88,126,1655169,3625.0,5.316677632314283,7.612515700813633,0.024275862068965516,0.03475862068965517,2,Moderate Priority
PUNJAB,SHAHID BHAGAT SINGH NAGAR,45,56,612310,1282.0029369038623,7.349218533095981,9.145694174519443,0.03510132364335961,0.04368164720062529,2,Moderate Priority
PUNJAB,TARN TARAN,55,86,1119627,2414.0,4.912350273796541,7.681129519027319,0.022783761391880698,0.035625517812758904,2,Moderate Priority
RAJASTHAN,AJMER,115,245,2583052,8481.0,4.4520977510324995,9.484903904373585,0.013559721730927957,0.028888102818063907,2,Moderate Priority
RAJASTHAN,ALWAR,63,162,3674179,8380.0,1.7146687736226243,4.409148275029605,0.007517899761336515,0.019331742243436756,0,Critical Priority
RAJASTHAN,BANSWARA,46,73,1797485,4522.0,2.5591312305805056,4.06122999635602,0.010172490048651039,0.01614329942503317,0,Critical Priority
RAJASTHAN,BARAN,42,67,1222755,6992.0,3.4348663468969662,5.479429648621351,0.006006864988558352,0.00958237986270023,0,Critical Priority
RAJASTHAN,BARMER,38,76,2603751,28387.0,1.4594329488495634,2.918865897699127,0.001338640927184979,0.002677281854369958,0,Critical Priority
RAJASTHAN,BHARATPUR,36,92,2548462,5066.0,1.4126167076456309,3.6100204750943905,0.007106198183971575,0.018160284247927358,0,Critical Priority
RAJASTHAN,BHILWARA,92,188,2408523,10455.0,3.8197683808707663,7.805613647866348,0.008799617407938786,0.0179818268770923,0,Critical Priority
RAJASTHAN,BIKANER,146,202,2363937,30239.0,6.176137519739317,8.545066979365355,0.004828201990806575,0.00668011508317074,2,Moderate Priority
RAJASTHAN,BUNDI,39,45,1110906,5776.0,3.5106480656329158,4.05074776803798,0.0067520775623268695,0.007790858725761773,0,Critical Priority
RAJASTHAN,CHITTAURGARH,59,94,1544338,7821.999999999999,3.8204071906538593,6.086750439346827,0.007542827921247763,0.012017386857581183,0,Critical Priority
RAJASTHAN,CHURU,53,39,2039547,13835.0,2.5986162613560757,1.9121893243940933,0.0038308637513552583,0.00281893747741236,0,Critical Priority
RAJASTHAN,DAUSA,45,102,1634409,3432.0,2.7532888034757517,6.240787954545038,0.013111888111888112,0.02972027972027972,0,Critical Priority
RAJASTHAN,DUNGARPUR,30,42,1388552,3770.0,2.1605240567151967,3.0247336794012756,0.007957559681697613,0.011140583554376658,0,Critical Priority
RAJASTHAN,GANGANAGAR,122,102,1969168,10978.0,6.195509981880673,5.179852607801873,0.011113135361632356,0.009291309892512298,2,Moderate Priority
RAJASTHAN,HANUMANGARH,88,93,1774692,9656.0,4.958606901930025,5.240345930448776,0.009113504556752278,0.009631317315658658,0,Critical Priority
RAJASTHAN,JAIPUR,128,184,6626178,11143.0,1.9317319878820038,2.7768647325803806,0.011487032217535673,0.016512608812707528,0,Critical Priority
RAJASTHAN,JAISALMER,31,79,669919,38401.0,4.627425106617367,11.792470432992646,0.000807270643993646,0.0020572380927580012,2,Moderate Priority
RAJASTHAN,JALOR,57,83,1828730,10640.0,3.116917204836143,4.538668912305261,0.005357142857142857,0.007800751879699248,0,Critical Priority
RAJASTHAN,JHALAWAR,37,63,1411129,6219.0,2.622014004389393,4.464510331798156,0.005949509567454575,0.010130246020260492,0,Critical Priority
RAJASTHAN,JODHPUR,77,162,3687165,22850.0,2.0883253122656567,4.3936194881433295,0.0033698030634573303,0.007089715536105033,0,Critical Priority
RAJASTHAN,KARAULI,23,53,1458248,5524.0,1.5772351479309417,3.634498384362605,0.004163649529326575,0.009594496741491673,0,Critical Priority
RAJASTHAN,KOTA,31,54,1951014,5217.0,1.5889173527201752,2.7677915176415957,0.005942112325091048,0.010350776308223116,0,Critical Priority
RAJASTHAN,NAGAUR,41,92,3307743,17718.0,1.2395158874193066,2.7813527229896637,0.0023140309289987585,0.005192459645558189,0,Critical Priority
RAJASTHAN,PALI,71,139,2037573,12387.0,3.4845377318996666,6.821841475127517,0.005731815613142811,0.011221441834180996,0,Critical Priority
RAJASTHAN,PRATAPGARH,16,30,867848,4449.0,1.8436408218950784,3.4568265410532724,0.0035963137783771634,0.006743088334457181,0,Critical Priority
RAJASTHAN,RAJSAMAND,55,79,1156597,4655.0,4.755329643773933,6.830382579238922,0.011815252416756176,0.016970998925886143,2,Moderate Priority
RAJASTHAN,SAWAI MADHOPUR,39,54,1335551,4498.0,2.920143072035437,4.043275022818297,0.008670520231213872,0.01200533570475767,0,Critical Priority
RAJASTHAN,SIKAR,76,161,2677333,7732.0,2.8386457717437463,6.013446963825569,0.00982928091050181,0.020822555613036732,0,Critical Priority
RAJASTHAN,SIROHI,40,67,1036346,5136.0,3.8597148056730086,6.465022299502289,0.00778816199376947,0.013045171339563863,0,Critical Priority
RAJASTHAN,TONK,32,53,1421326,7194.0,2.251418745593903,3.7289122973899023,0.004448151237142063,0.007367250486516541,0,Critical Priority
RAJASTHAN,UDAIPUR,153,282,3068420,11724.0,4.98627958362936,9.19039766394431,0.013050153531218014,0.024053224155578302,2,Moderate Priority
TAMIL NADU,ARIYALUR,25,68,754894,1940.0020922957456,3.3117232353151564,9.007887200057226,0.012886584039925278,0.03505150858859676,2,Moderate Priority
TAMIL NADU,CHENNAI,0,1,4646732,175.0,0.0,0.021520500859528804,0.0,0.005714285714285714,0,Critical Priority
TAMIL NADU,COIMBATORE,132,341,3458045,4731.997040741916,3.8171857219903154,9.861063115141649,0.027895199186199007,0.07206259789768077,2,Moderate Priority
TAMIL NADU,CUDDALORE,72,224,2605914,3702.9999743296858,2.762946129457841,8.595832402757727,0.019443694436706925,0.060491493803088214,2,Moderate Priority
TAMIL NADU,DHARMAPURI,25,93,1506843,4497.0,1.6590978622192227,6.171844047455509,0.00555926173004225,0.02068045363575717,0,Critical Priority
TAMIL NADU,DINDIGUL,69,225,2159775,6036.0,3.1947772337396256,10.417751849150953,0.01143141153081511,0.037276341948310136,2,Moderate Priority
TAMIL NADU,ERODE,89,236,2251744,5759.997003884148,3.9524919351400514,10.48076513138261,0.015451396926072093,0.04097224353430353,2,Moderate Priority
TAMIL NADU,KANCHEEPURAM,61,274,3998252,4482.999999983322,1.5256667163550472,6.852994758709556,0.013606959625301571,0.061119785857911973,0,Critical Priority
TAMIL NADU,KARUR,41,91,1064493,2904.0,3.851598836253503,8.548670587782166,0.014118457300275482,0.03133608815426997,2,Moderate Priority
TAMIL NADU,KRISHNAGIRI,60,173,1879809,5129.0,3.191813636385399,9.203062651577898,0.011698186781048937,0.03372977188535777,2,Moderate Priority
TAMIL NADU,MADURAI,73,182,3038252,3710.001451756337,2.4026973404444396,5.990286520012165,0.019676542165621355,0.04905658457730255,0,Critical Priority
TAMIL NADU,NAGAPATTINAM,13,56,1616450,2568.997363248056,0.8042314949426213,3.464381824368214,0.005060339954402963,0.021798387495889686,0,Critical Priority
TAMIL NADU,NAMAKKAL,40,128,1726601,3419.998817624214,2.316690422396373,7.413409351668393,0.011695910476304486,0.037426913524174356,0,Critical Priority
TAMIL NADU,PERAMBALUR,14,49,565223,1756.0,2.476898498468746,8.669144744640612,0.007972665148063782,0.027904328018223234,0,Critical Priority
TAMIL NADU,PUDUKKOTTAI,57,124,1618345,4644.000000000001,3.522116730363427,7.662148676580086,0.012273901808785527,0.026701119724375534,0,Critical Priority
TAMIL NADU,RAMANATHAPURAM,45,101,1353445,4103.999538381393,3.3248488117359773,7.462438444118527,0.010964913514037063,0.024610139220394296,0,Critical Priority
TAMIL NADU,SALEM,102,350,3482056,5236.9991129776245,2.929303836583903,10.051532772591825,0.01947680299338554,0.06683216713416607,2,Moderate Priority
TAMIL NADU,SIVAGANGA,61,145,1339101,4233.0,4.555294932943818,10.828160086505797,0.014410583510512638,0.03425466572171037,2,Moderate Priority
TAMIL NADU,THANJAVUR,75,252,2405890,3410.9995919269336,3.1173495047570756,10.474294335983773,0.02198768952582348,0.07387863680676689,2,Moderate Priority
TAMIL NADU,THENI,37,146,1245899,2868.0001629193075,2.9697431332716375,11.718445877234029,0.012900975557246163,0.05090655219886324,2,Moderate Priority
TAMIL NADU,THIRUVALLUR,80,367,3728104,3394.0,2.1458628836534603,9.844145978760249,0.02357100766057749,0.10813199764289923,2,Moderate Priority
TAMIL NADU,THIRUVARUR,39,111,1264277,2274.0042677106085,3.0847670249478556,8.779721532543897,0.017150363591561725,0.048812573299060295,2,Moderate Priority
TAMIL NADU,TIRUPPUR,107,317,2479052,5187.0,4.316166018300544,12.7871460542175,0.02062849431270484,0.06111432427221901,2,Moderate Priority
TAMIL NADU,TIRUVANNAMALAI,63,183,2464875,6188.000190196117,2.5559105431309903,7.42431157766621,0.010180995162187177,0.029573366899686565,0,Critical Priority
TAMIL NADU,VELLORE,42,200,3936331,6075.0,1.0669834421952828,5.080873534263252,0.006913580246913581,0.03292181069958848,0,Critical Priority
TAMIL NADU,VIRUDHUNAGAR,54,148,1942288,4240.998101463051,2.780226207441945,7.619879235211256,0.01273285172690155,0.03489744547373017,0,Critical Priority
TRIPURA,DHALAI,9,13,378230,2400.0,2.3795045342780847,3.4370621050683448,0.00375,0.005416666666666667,0,Critical Priority
TRIPURA,NORTH TRIPURA,18,50,693947,2036.0,2.5938580323857585,7.205161201071552,0.008840864440078585,0.02455795677799607,0,Critical Priority
TRIPURA,SOUTH TRIPURA,15,20,876001,3057.0,1.7123268124123145,2.283102416549753,0.004906771344455349,0.006542361792607131,0,Critical Priority
TRIPURA,WEST TRIPURA,62,173,1725739,2993.0,3.5926637805600965,10.024690871562848,0.02071500167056465,0.057801536919478785,2,Moderate Priority
UTTAR PRADESH,AGRA,51,69,4418797,4041.0,1.154160283896273,1.5615109723302518,0.012620638455827766,0.017074981440237565,0,Critical Priority
UTTAR PRADESH,ALIGARH,77,136,3673889,3650.0,2.095871704343817,3.7017993739059616,0.021095890410958905,0.03726027397260274,0,Critical Priority
UTTAR PRADESH,AMBEDKAR NAGAR,30,61,2397888,2350.0,1.2511009688525903,2.5439053033336,0.01276595744680851,0.02595744680851064,0,Critical Priority
UTTAR PRADESH,AURAIYA,20,45,1379545,2016.0,1.4497533607095092,3.261945061596396,0.00992063492063492,0.022321428571428572,0,Critical Priority
UTTAR PRADESH,AZAMGARH,60,110,4613913,4054.0,1.3004146372070735,2.3840935015463014,0.01480019733596448,0.02713369511593488,0,Critical Priority
UTTAR PRADESH,BAGHPAT,21,26,1303048,1321.0,1.611606019118252,1.995321737955931,0.015897047691143074,0.01968205904617714,0,Critical Priority
UTTAR PRADESH,BAHRAICH,28,55,3487731,5237.0,0.8028142078617875,1.576956479728511,0.005346572465151804,0.010502195913691045,0,Critical Priority
UTTAR PRADESH,BALLIA,53,114,3239774,2981.0,1.6359165793663386,3.5187639631653322,0.01777926870177793,0.03824220060382422,0,Critical Priority
UTTAR PRADESH,BALRAMPUR,21,40,2148665,3349.0,0.9773510528630568,1.8616210530724893,0.006270528515974918,0.011943863839952225,0,Critical Priority
UTTAR PRADESH,BANDA,16,27,1799410,4408.0,0.8891803424455794,1.500491827876915,0.003629764065335753,0.006125226860254083,0,Critical Priority
UTTAR PRADESH,BARA BANKI,64,105,3260699,4402.0,1.96276933258789,3.2201684362770067,0.014538845979100408,0.02385279418446161,0,Critical Priority
UTTAR PRADESH,BAREILLY,96,201,4448359,4120.0,2.1580992001769643,4.518520200370519,0.02330097087378641,0.048786407766990295,0,Critical Priority
UTTAR PRADESH,BASTI,52,95,2464464,2688.0,2.1099922741821344,3.8547935778327456,0.019345238095238096,0.035342261904761904,0,Critical Priority
UTTAR PRADESH,BIJNOR,65,103,3682713,4561.0,1.7650031376325008,2.796851125786886,0.014251260688445516,0.022582766937075203,0,Critical Priority
UTTAR PRADESH,BUDAUN,43,64,3681896,5168.0,1.1678765505598203,1.7382348659495,0.008320433436532508,0.01238390092879257,0,Critical Priority
UTTAR PRADESH,BULANDSHAHR,55,88,3499171,4512.0,1.5718008636902856,2.514881381904457,0.012189716312056738,0.01950354609929078,0,Critical Priority
UTTAR PRADESH,CHANDAULI,32,60,1952756,2541.0,1.638709598126955,3.0725804964880403,0.012593467138921684,0.023612750885478158,0,Critical Priority
UTTAR PRADESH,CHITRAKOOT,13,16,991730,3216.0,1.3108406521936415,1.6133423411614047,0.00404228855721393,0.004975124378109453,0,Critical Priority
UTTAR PRADESH,DEORIA,50,138,3100946,2540.0,1.6124111803301315,4.450254857711163,0.01968503937007874,0.05433070866141732,0,Critical Priority
UTTAR PRADESH,ETAH,27,39,1774480,2431.0,1.5215725170190704,2.1978269690275463,0.011106540518305225,0.016042780748663103,0,Critical Priority
UTTAR PRADESH,ETAWAH,38,84,1581810,2311.0,2.4023112763226933,5.310372295029112,0.016443098225876245,0.036347901341410645,0,Critical Priority
UTTAR PRADESH,FARRUKHABAD,39,55,1885204,2181.0,2.068741632205321,2.917456147981863,0.017881705639614855,0.02521779000458505,0,Critical Priority
UTTAR PRADESH,FATEHPUR,35,51,2632733,4152.0,1.3294169974699295,1.9371504820276115,0.008429672447013488,0.012283236994219654,0,Critical Priority
UTTAR PRADESH,FIROZABAD,49,125,2498156,2407.0,1.9614467631324868,5.003690722276751,0.02035729123390112,0.0519318653926049,0,Critical Priority
UTTAR PRADESH,GAUTAM BUDDHA NAGAR,257,644,1648115,1282.0,15.59357205049405,39.0749431926777,0.20046801872074882,0.5023400936037441,3,Highly Served
UTTAR PRADESH,GHAZIABAD,25,64,4681645,1179.0,0.5340003353522106,1.3670408585016591,0.021204410517387615,0.0542832909245123,0,Critical Priority
UTTAR PRADESH,GHAZIPUR,49,92,3620268,3377.0,1.3534909570230713,2.5412483274718887,0.01450992004737933,0.027243115190997928,0,Critical Priority
UTTAR PRADESH,GONDA,45,79,3433919,4003.0,1.3104560707459902,2.3005784353096272,0.011241568823382463,0.019735198601049213,0,Critical Priority
UTTAR PRADESH,GORAKHPUR,146,336,4440895,3321.0,3.2876255799788106,7.566042430636167,0.04396266184884071,0.1011743450767841,2,Moderate Priority
UTTAR PRADESH,HAMIRPUR,19,26,1104285,4021.0,1.720570323784168,2.3544646535993876,0.004725192738124845,0.006466053220591892,0,Critical Priority
UTTAR PRADESH,HARDOI,91,104,4092845,5986.0,2.2233922858060837,2.541019755206953,0.01520213832275309,0.017373872368860673,0,Critical Priority
UTTAR PRADESH,JALAUN,22,35,1689974,4565.0,1.3017951755470794,2.0710377792794445,0.004819277108433735,0.007667031763417305,0,Critical Priority
UTTAR PRADESH,JAUNPUR,54,99,4494204,4038.0,1.2015475933001707,2.2028372543836463,0.01337295690936107,0.02451708766716196,0,Critical Priority
UTTAR PRADESH,JHANSI,67,124,1998603,5024.0,3.3523416106150146,6.204333727108385,0.013335987261146497,0.024681528662420384,0,Critical Priority
UTTAR PRADESH,KANPUR DEHAT,35,43,1796184,3021.0,1.9485754243440538,2.3939640927655517,0.011585567692816948,0.014233697451175108,0,Critical Priority
UTTAR PRADESH,KANPUR NAGAR,40,46,4581268,3155.0,0.8731207167971837,1.0040888243167612,0.012678288431061807,0.014580031695721078,0,Critical Priority
UTTAR PRADESH,KAUSHAMBI,30,33,1599596,1779.0,1.875473557073161,2.0630209127804773,0.016863406408094434,0.01854974704890388,0,Critical Priority
UTTAR PRADESH,KHERI,49,88,4021243,7680.0,1.2185286987133084,2.1883780711585947,0.006380208333333333,0.011458333333333333,0,Critical Priority
UTTAR PRADESH,LALITPUR,18,26,1221592,5039.0,1.4734870562348148,2.1283701923391773,0.0035721373288350863,0.005159753919428458,0,Critical Priority
UTTAR PRADESH,LUCKNOW,76,89,4589838,2528.0,1.6558318616038301,1.9390662589834327,0.030063291139240507,0.035205696202531646,0,Critical Priority
UTTAR PRADESH,MAHOBA,12,16,875958,3144.0,1.3699286952114142,1.826571593615219,0.003816793893129771,0.005089058524173028,0,Critical Priority
UTTAR PRADESH,MAINPURI,48,66,1868529,2760.0,2.5688656691975345,3.53219029514661,0.017391304347826087,0.02391304347826087,0,Critical Priority
UTTAR PRADESH,MATHURA,87,149,2547184,3340.0,3.4155365297520714,5.84959704520757,0.026047904191616768,0.04461077844311377,0,Critical Priority
UTTAR PRADESH,MAU,36,62,2205968,1713.0,1.631936637340161,2.810557542085833,0.021015761821366025,0.03619381202568593,0,Critical Priority
UTTAR PRADESH,MEERUT,37,69,3443689,2559.0,1.0744291949708582,2.003665255486195,0.014458772958186792,0.026963657678780773,0,Critical Priority
UTTAR PRADESH,MIRZAPUR,36,66,2496970,4405.0,1.4417473978461897,2.643203562718014,0.008172531214528945,0.014982973893303065,0,Critical Priority
UTTAR PRADESH,MORADABAD,64,128,4772006,3718.0,1.341155061414424,2.682310122828848,0.017213555675094135,0.03442711135018827,0,Critical Priority
UTTAR PRADESH,MUZAFFARNAGAR,67,105,4143512,4008.0,1.6169857840402055,2.534082198868979,0.016716566866267466,0.02619760479041916,0,Critical Priority
UTTAR PRADESH,PILIBHIT,39,53,2031007,3686.0,1.9202297185583308,2.6095429508613215,0.010580575149213239,0.014378730330982095,0,Critical Priority
UTTAR PRADESH,PRATAPGARH,49,84,3209141,3717.0,1.5268883480034066,2.617522882291554,0.013182674199623353,0.022598870056497175,0,Critical Priority
UTTAR PRADESH,RAMPUR,32,56,2335819,2367.0,1.369969162850375,2.3974460349881563,0.01351922264469793,0.023658639628221376,0,Critical Priority
UTTAR PRADESH,SAHARANPUR,76,116,3466382,3689.0,2.1924877292808467,3.3464286394286606,0.02060178910273787,0.0314448359989157,0,Critical Priority
UTTAR PRADESH,SANT KABIR NAGAR,30,51,1715183,1646.0,1.7490845000212807,2.973443650036177,0.018226002430133656,0.030984204131227218,0,Critical Priority
UTTAR PRADESH,SHAHJAHANPUR,49,75,3006538,4388.0,1.629781496192631,2.4945635145805576,0.011166818596171376,0.017092069279854148,0,Critical Priority
UTTAR PRADESH,SITAPUR,52,89,4483992,5743.0,1.159680927173822,1.9848385099705796,0.009054501131812642,0.015497126937140867,0,Critical Priority
UTTAR PRADESH,SONBHADRA,43,89,1862559,6905.0,2.3086516990871164,4.778372121366356,0.006227371469949312,0.012889210716871833,0,Critical Priority
UTTAR PRADESH,SULTANPUR,27,50,3797117,4436.0,0.7110657901771265,1.316788500328012,0.006086564472497746,0.01127141568981064,0,Critical Priority
UTTAR PRADESH,UNNAO,64,92,3108367,4558.0,2.05895893245553,2.9597534654048254,0.014041246160596753,0.020184291355857833,0,Critical Priority
UTTAR PRADESH,VARANASI,55,87,3676841,1535.0,1.4958492901923146,2.3661616044860247,0.035830618892508145,0.05667752442996743,0,Critical Priority
UTTARAKHAND,ALMORA,47,68,622506,3144.0,7.550128030894482,10.923589491506908,0.01494910941475827,0.021628498727735368,2,Moderate Priority
UTTARAKHAND,BAGESHWAR,13,24,259898,2241.0,5.001962308290175,9.234391953766478,0.005800981704596163,0.0107095046854083,2,Moderate Priority
UTTARAKHAND,CHAMOLI,31,42,391605,8029.999497604924,7.916139987998111,10.72509288696518,0.0038605232801379686,0.0052303863795417635,2,Moderate Priority
UTTARAKHAND,CHAMPAWAT,18,34,259648,1766.0,6.932462410648263,13.094651220113382,0.010192525481313703,0.01925254813137033,2,Moderate Priority
UTTARAKHAND,GARHWAL,62,89,687271,5329.0,9.02118669345862,12.949767995448665,0.011634452993056859,0.016701069619065492,2,Moderate Priority
UTTARAKHAND,NAINITAL,59,121,954605,4251.0,6.18056683130719,12.675399772680846,0.013879087273582686,0.02846389084921195,2,Moderate Priority
UTTARAKHAND,PITHORAGARH,36,50,483439,7090.0,7.446647870775837,10.342566487188662,0.005077574047954866,0.007052186177715092,2,Moderate Priority
UTTARAKHAND,RUDRAPRAYAG,19,22,242285,1984.0,7.842004251191779,9.080215448748374,0.009576612903225807,0.011088709677419355,2,Moderate Priority
UTTARAKHAND,TEHRI GARHWAL,41,52,618931,3642.0,6.624324843964836,8.401582728931011,0.011257550796265788,0.014277869302580999,2,Moderate Priority
UTTARAKHAND,UDHAM SINGH NAGAR,74,169,1648902,2542.0,4.487834935005234,10.249244648863305,0.029110936270653028,0.06648308418568057,2,Moderate Priority
WEST BENGAL,BANKURA,65,186,3596674,6882.0,1.8072252308660721,5.171444506785992,0.00944492879976751,0.02702702702702703,0,Critical Priority
WEST BENGAL,BIRBHUM,60,189,3502404,4545.0,1.713109053096102,5.3962935172527215,0.013201320132013201,0.041584158415841586,0,Critical Priority
WEST BENGAL,DAKSHIN DINAJPUR,27,80,1676276,2219.0,1.6107132715614851,4.772483767589586,0.01216764308246958,0.03605227579990987,0,Critical Priority
WEST BENGAL,DARJILING,80,253,1846823,3149.0,4.331763249645473,13.699201277003807,0.02540489044140997,0.08034296602095903,2,Moderate Priority
WEST BENGAL,HAORA,73,154,4850029,1467.0,1.5051456393353524,3.1752387459951272,0.04976141785957737,0.10497614178595774,0,Critical Priority
WEST BENGAL,HUGLI,143,400,5519145,3149.0,2.590981030576294,7.247499386227395,0.04541124166402032,0.12702445220704986,2,Moderate Priority
WEST BENGAL,JALPAIGURI,54,145,3872846,6227.0,1.3943234510228395,3.74401667404281,0.008671912638509716,0.02328569134414646,0,Critical Priority
WEST BENGAL,KOCH BIHAR,41,61,2819086,3387.0,1.4543720908124123,2.163821891208711,0.01210510776498376,0.01801003838204901,0,Critical Priority
WEST BENGAL,MALDAH,57,170,3988845,3733.0,1.4289850821478398,4.2618853327216275,0.015269220466113046,0.04553978033753014,0,Critical Priority
WEST BENGAL,MURSHIDABAD,117,267,7103807,5324.0,1.6470042049284277,3.7585480574007715,0.02197595792637115,0.05015026296018032,0,Critical Priority
WEST BENGAL,NADIA,109,399,5167600,3927.0,2.109296385169131,7.721185850298011,0.027756557168321875,0.10160427807486631,2,Moderate Priority
WEST BENGAL,PASCHIM MEDINIPUR,79,201,5913457,9368.0,1.3359359846533085,3.399026998928038,0.008432963279248506,0.02145602049530316,0,Critical Priority
WEST BENGAL,PURBA MEDINIPUR,88,278,5095875,4712.999763774556,1.726886942870459,5.455392842249859,0.018671759900433856,0.05898578695818878,0,Critical Priority
WEST BENGAL,PURULIYA,47,55,2930115,6259.0,1.6040326062287655,1.877059432820896,0.007509186771049689,0.008787346221441126,0,Critical Priority
WEST BENGAL,UTTAR DINAJPUR,39,93,3007134,3140.0,1.296915933909164,3.092645688552622,0.012420382165605096,0.02961783439490446,0,Critical Priority
